	Clifton		Bristol		Bath
race	Red[1, 2, 3]	Blue[4, 5, 6]	Blue Stripe[7, 8, 9]	Grey Stripe[10, 11, 12]	Blue[13, 14, 15]	Yellow[16, 17, 18]
1	Reading Red	Cambridge Orange
2			Kobra Hurricane	Hybrid Black
3					Bath All-stars	Imperial Red
4	UCL Purple	Cambridge Orange
5			Southampton Blues	Hybrid Black
6					Clifton	Imperial Red
7	UCL Purple	Bristol mellow yellow
8			Southampton Blues	Manchester Purple
9					Clifton	Brunel 80085
10	Manchester Yellow	Bristol mellow yellow
11			Exeter	Manchester Purple
12					Bristol beige rage	Brunel 80085
13	Manchester Yellow	Bath Freshticles
14			Exeter	Cardiff Quack
15					Bristol beige rage	Sussex Pink
16	Kobra Hurricane	Bath Freshticles
17			Bath All-stars	Cardiff Quack
18					Reading Red	Sussex Pink
19	UCL Purple	Hybrid Black
20			Clifton	Bristol beige rage
21					Southampton Blues	Imperial Red
22	UCL Purple	Bath Freshticles
23			Clifton	Sussex Pink
24					Southampton Blues	Cardiff Quack
25	Cambridge Orange	Bath Freshticles
26			Bath All-stars	Sussex Pink
27					Kobra Hurricane	Cardiff Quack
28	Cambridge Orange	Bristol mellow yellow
29			Bath All-stars	Brunel 80085
30					Kobra Hurricane	Manchester Purple
31	Reading Red	Bristol mellow yellow
32			Exeter	Brunel 80085
33					Manchester Yellow	Manchester Purple
34	Reading Red	Bristol beige rage
35			Exeter	Imperial Red
36					Manchester Yellow	Hybrid Black
37	Cambridge Orange	Manchester Purple
38			Bath All-stars	Clifton
39					Kobra Hurricane	Brunel 80085
40	Cambridge Orange	Hybrid Black
41			Bath All-stars	Bristol beige rage
42					Kobra Hurricane	Imperial Red
43	Bristol mellow yellow	Hybrid Black
44			Exeter	Bristol beige rage
45					Manchester Yellow	Imperial Red
46	Bristol mellow yellow	Bath Freshticles
47			Exeter	Sussex Pink
48					Manchester Yellow	Cardiff Quack
49	Reading Red	Bath Freshticles
50			Southampton Blues	Sussex Pink
51					UCL Purple	Cardiff Quack
52	Reading Red	Clifton
53			Southampton Blues	Brunel 80085
54					UCL Purple	Manchester Purple
55	Exeter	Bath All-stars
56			Bristol mellow yellow	Cardiff Quack
57					Manchester Yellow	Sussex Pink
58	Reading Red	Bath All-stars
59			Cambridge Orange	Cardiff Quack
60					Kobra Hurricane	Sussex Pink
61	Reading Red	Hybrid Black
62			Cambridge Orange	Imperial Red
63					Kobra Hurricane	Bristol beige rage
64	Bath Freshticles	Hybrid Black
65			UCL Purple	Imperial Red
66					Southampton Blues	Bristol beige rage
67	Bath Freshticles	Manchester Purple
68			UCL Purple	Brunel 80085
69					Southampton Blues	Clifton
70	Bristol mellow yellow	Manchester Purple
71			Manchester Yellow	Brunel 80085
72					Exeter	Clifton
73	Southampton Blues	Bath All-stars
74			Bath Freshticles	Cardiff Quack
75					UCL Purple	Sussex Pink
76	Southampton Blues	Exeter
77			Bath Freshticles	Imperial Red
78					UCL Purple	Bristol beige rage
79	Reading Red	Exeter
80			Bristol mellow yellow	Imperial Red
81					Manchester Yellow	Bristol beige rage
82	Reading Red	Manchester Purple
83			Bristol mellow yellow	Brunel 80085
84					Manchester Yellow	Clifton
85	Hybrid Black	Manchester Purple
86			Cambridge Orange	Brunel 80085
87					Kobra Hurricane	Clifton
88	Hybrid Black	Cardiff Quack
89			Cambridge Orange	Sussex Pink
90					Kobra Hurricane	Bath All-stars
91	Reading Red	Southampton Blues
92			UCL Purple	Clifton
93					Bath Freshticles	Brunel 80085
94	Kobra Hurricane	Southampton Blues
95			Cambridge Orange	Clifton
96					Hybrid Black	Brunel 80085
97	Kobra Hurricane	Exeter
98			Cambridge Orange	Bristol beige rage
99					Hybrid Black	Imperial Red
100	Manchester Yellow	Exeter
101			Bristol mellow yellow	Bristol beige rage
102					Manchester Purple	Imperial Red
103	Manchester Yellow	Bath All-stars
104			Bristol mellow yellow	Sussex Pink
105					Manchester Purple	Cardiff Quack
106	UCL Purple	Bath All-stars
107			Bath Freshticles	Sussex Pink
108					Reading Red	Cardiff Quack
109	Manchester Purple	Brunel 80085
110			Manchester Yellow	Southampton Blues
111					Bristol mellow yellow	Clifton
112	Cardiff Quack	Brunel 80085
113			UCL Purple	Southampton Blues
114					Bath Freshticles	Clifton
115	Cardiff Quack	Imperial Red
116			UCL Purple	Exeter
117					Bath Freshticles	Bristol beige rage
118	Reading Red	Imperial Red
119			Cambridge Orange	Exeter
120					Hybrid Black	Bristol beige rage
121	Reading Red	Kobra Hurricane
122			Cambridge Orange	Bath All-stars
123					Hybrid Black	Sussex Pink
124	Manchester Yellow	Kobra Hurricane
125			Bristol mellow yellow	Bath All-stars
126					Manchester Purple	Sussex Pink
127	Reading Red	UCL Purple
128			Imperial Red	Bristol beige rage
129					Southampton Blues	Bath Freshticles
130	Brunel 80085	Sussex Pink
131			Kobra Hurricane	Bristol mellow yellow
132					Manchester Purple	Bath All-stars
133	Manchester Yellow	Cambridge Orange
134			Cardiff Quack	Clifton
135					Exeter	Hybrid Black
136	UCL Purple	Kobra Hurricane
137			Bath Freshticles	Bath All-stars
138					Cardiff Quack	Sussex Pink
139	Cambridge Orange	Kobra Hurricane
140			Hybrid Black	Bath All-stars
141					Imperial Red	Sussex Pink
142	Cambridge Orange	Southampton Blues
143			Hybrid Black	Clifton
144					Imperial Red	Brunel 80085
145	Bristol mellow yellow	Southampton Blues
146			Manchester Purple	Clifton
147					Reading Red	Brunel 80085
148	Bristol mellow yellow	Exeter
149			Manchester Purple	Bristol beige rage
150					Reading Red	Manchester Yellow
151	Bath Freshticles	Exeter
152			Cardiff Quack	Bristol beige rage
153					UCL Purple	Manchester Yellow
