race	Pink Stripe(7, 8, 9)	Black Stripe(10, 11, 12)	Green Circle(7, 8, 9)	Black Diamond(10, 11, 12)	Red Striped Jibs(1, 2, 3)	Blue Striped Jibs(4, 5, 6)	Red Jib(1, 2, 3)	Blue Jib(4, 5, 6)
191					Plymouth Black	Bath Glossy White
192							Portsmouth Brown	Portsmouth Blue
193	Emirates Team Kickflip	Cambridge Green
194			Durham Bubblegum Pink	UCL Purple
195					UCD	Bath Glossy White
196							Portsmouth Brown	Rutland Rockets
197	Northern RoyalT	Cambridge Green
198			Durham Bubblegum Pink	Imperial White
199					UCD	Solent Black
200							TCD	Rutland Rockets
201	Northern RoyalT	Durham White
202			Oxford	Imperial White
203					Sevenoaks Pirate Hawks	Solent Black
204							TCD	Bath Matte Black
205	Brunel Blue	Durham White
206			Oxford	UCLove
207					Sevenoaks Pirate Hawks	Portsmouth Blue
208							Plymouth Black	Bath Matte Black
209	Brunel Blue	UCL Purple
210			Emirates Team Kickflip	UCLove
211					Rutland Rockets	Solent Black
212							Portsmouth Brown	UCD
213	Durham Bubblegum Pink	Oxford
214			Northern RoyalT	UCL Purple
215					Rutland Rockets	Portsmouth Blue
216							TCD	UCD
217	Emirates Team Kickflip	Oxford
218			Northern RoyalT	Imperial White
219					Plymouth Black	Portsmouth Blue
220							TCD	Bath Glossy White
221	Emirates Team Kickflip	Durham White
222			Brunel Blue	Imperial White
223					Plymouth Black	Sevenoaks Pirate Hawks
224							Bath Matte Black	Bath Glossy White
225	Cambridge Green	Durham White
226			Brunel Blue	UCLove
227					Portsmouth Brown	Sevenoaks Pirate Hawks
228							Bath Matte Black	Solent Black
229	Cambridge Green	UCL Purple
230			Durham Bubblegum Pink	UCLove
231					TCD	Portsmouth Blue
232							Sevenoaks Pirate Hawks	UCD
233	Brunel Blue	Oxford
234			Durham White	Imperial White
235					Bath Matte Black	Portsmouth Blue
236							Sevenoaks Pirate Hawks	Bath Glossy White
237	Brunel Blue	Durham Bubblegum Pink
238			Cambridge Green	Imperial White
239					Bath Matte Black	Rutland Rockets
240							Portsmouth Brown	Bath Glossy White
241	Emirates Team Kickflip	Durham Bubblegum Pink
242			Cambridge Green	UCLove
243					Plymouth Black	Rutland Rockets
244							Portsmouth Brown	Solent Black
245	Emirates Team Kickflip	UCL Purple
246			Northern RoyalT	UCLove
247					Plymouth Black	UCD
248							TCD	Solent Black
249	Durham White	UCL Purple
250			Northern RoyalT	Oxford
251					Rutland Rockets	Sevenoaks Pirate Hawks
252							Portsmouth Brown	Bath Matte Black
253	UCLove	Imperial White
254			Durham White	Durham Bubblegum Pink
255					Plymouth Black	TCD
256							Portsmouth Blue	UCD
257	Cambridge Green	Brunel Blue
258			Emirates Team Kickflip	Northern RoyalT
259					Solent Black	Bath Glossy White
260							Plymouth Black	Portsmouth Brown
261	Oxford	UCL Purple
262			Durham White	UCLove
263					Rutland Rockets	UCD
264							Plymouth Black	Solent Black
265	Northern RoyalT	Brunel Blue
266			Durham White	Oxford
267					Bath Matte Black	UCD
268							Portsmouth Blue	Solent Black
269	Emirates Team Kickflip	Brunel Blue
270			Cambridge Green	Oxford
271					Bath Matte Black	Sevenoaks Pirate Hawks
272							Portsmouth Blue	Bath Glossy White
273	Emirates Team Kickflip	Imperial White
274			Cambridge Green	Durham Bubblegum Pink
275					TCD	Sevenoaks Pirate Hawks
276							Rutland Rockets	Bath Glossy White
277	UCL Purple	Imperial White
278			Northern RoyalT	Durham Bubblegum Pink
279					TCD	Portsmouth Brown
280							UCL Purple	UCLove
